{
    "mrr": 0.0005762240806711776,
    "hits1": 1e-05,
    "hits3": 7e-05,
    "hits10": 0.00063,
    "fmrr": 0.0005786029363387239,
    "fhits1": 1e-05,
    "fhits3": 7e-05,
    "fhits10": 0.00063
}
